,Date,Sym,Order,Qty
0,2008-11-20 16:00:00,AA,Buy,100
1,2008-11-28 16:00:00,AA,Sell,100
2,2009-01-30 16:00:00,AA,Buy,100
3,2009-02-06 16:00:00,AA,Sell,100
4,2009-02-04 16:00:00,AA,Buy,100
5,2009-02-11 16:00:00,AA,Sell,100
6,2009-02-10 16:00:00,AA,Buy,100
7,2009-02-18 16:00:00,AA,Sell,100
8,2009-03-27 16:00:00,AA,Buy,100
9,2009-04-03 16:00:00,AA,Sell,100
10,2009-04-06 16:00:00,AA,Buy,100
11,2009-04-14 16:00:00,AA,Sell,100
12,2008-10-10 16:00:00,AES,Buy,100
13,2008-10-17 16:00:00,AES,Sell,100
14,2008-10-16 16:00:00,AES,Buy,100
15,2008-10-23 16:00:00,AES,Sell,100
16,2008-10-24 16:00:00,AES,Buy,100
17,2008-10-31 16:00:00,AES,Sell,100
18,2008-10-31 16:00:00,AES,Buy,100
19,2008-11-07 16:00:00,AES,Sell,100
20,2008-11-10 16:00:00,AES,Buy,100
21,2008-11-17 16:00:00,AES,Sell,100
22,2008-11-19 16:00:00,AES,Buy,100
23,2008-11-26 16:00:00,AES,Sell,100
24,2008-12-19 16:00:00,AES,Buy,100
25,2008-12-29 16:00:00,AES,Sell,100
26,2009-01-15 16:00:00,AES,Buy,100
27,2009-01-23 16:00:00,AES,Sell,100
28,2009-01-30 16:00:00,AES,Buy,100
29,2009-02-06 16:00:00,AES,Sell,100
30,2009-02-11 16:00:00,AES,Buy,100
31,2009-02-19 16:00:00,AES,Sell,100
32,2008-09-15 16:00:00,AIG,Buy,100
33,2008-09-22 16:00:00,AIG,Sell,100
34,2008-11-20 16:00:00,AIV,Buy,100
35,2008-11-28 16:00:00,AIV,Sell,100
36,2009-02-05 16:00:00,AIV,Buy,100
37,2009-02-12 16:00:00,AIV,Sell,100
38,2009-05-13 16:00:00,AIV,Buy,100
39,2009-05-20 16:00:00,AIV,Sell,100
40,2009-05-15 16:00:00,AIV,Buy,100
41,2009-05-22 16:00:00,AIV,Sell,100
42,2009-07-08 16:00:00,AIV,Buy,100
43,2009-07-15 16:00:00,AIV,Sell,100
44,2008-02-04 16:00:00,AMD,Buy,100
45,2008-02-11 16:00:00,AMD,Sell,100
46,2009-12-04 16:00:00,AMD,Buy,100
47,2009-12-11 16:00:00,AMD,Sell,100
48,2008-07-15 16:00:00,AN,Buy,100
49,2008-07-22 16:00:00,AN,Sell,100
50,2008-10-13 16:00:00,AN,Buy,100
51,2008-10-20 16:00:00,AN,Sell,100
52,2009-01-20 16:00:00,AN,Buy,100
53,2009-01-27 16:00:00,AN,Sell,100
54,2009-01-16 16:00:00,BAC,Buy,100
55,2009-01-26 16:00:00,BAC,Sell,100
56,2008-10-10 16:00:00,BSX,Buy,100
57,2008-10-17 16:00:00,BSX,Sell,100
58,2008-10-24 16:00:00,BSX,Buy,100
59,2008-10-31 16:00:00,BSX,Sell,100
60,2008-11-11 16:00:00,BSX,Buy,100
61,2008-11-18 16:00:00,BSX,Sell,100
62,2009-02-26 16:00:00,BSX,Buy,100
63,2009-03-05 16:00:00,BSX,Sell,100
64,2009-03-19 16:00:00,BSX,Buy,100
65,2009-03-26 16:00:00,BSX,Sell,100
66,2009-03-30 16:00:00,BSX,Buy,100
67,2009-04-06 16:00:00,BSX,Sell,100
68,2009-11-03 16:00:00,BSX,Buy,100
69,2009-11-10 16:00:00,BSX,Sell,100
70,2008-11-19 16:00:00,C,Buy,100
71,2008-11-26 16:00:00,C,Sell,100
72,2008-12-01 16:00:00,C,Buy,100
73,2008-12-08 16:00:00,C,Sell,100
74,2008-12-11 16:00:00,C,Buy,100
75,2008-12-18 16:00:00,C,Sell,100
76,2008-12-17 16:00:00,C,Buy,100
77,2008-12-24 16:00:00,C,Sell,100
78,2008-10-07 16:00:00,CBG,Buy,100
79,2008-10-14 16:00:00,CBG,Sell,100
80,2008-10-09 16:00:00,CBG,Buy,100
81,2008-10-16 16:00:00,CBG,Sell,100
82,2008-10-14 16:00:00,CBG,Buy,100
83,2008-10-21 16:00:00,CBG,Sell,100
84,2009-05-12 16:00:00,CBG,Buy,100
85,2009-05-19 16:00:00,CBG,Sell,100
86,2009-06-03 16:00:00,CBG,Buy,100
87,2009-06-10 16:00:00,CBG,Sell,100
88,2009-06-08 16:00:00,CBG,Buy,100
89,2009-06-15 16:00:00,CBG,Sell,100
90,2009-06-22 16:00:00,CBG,Buy,100
91,2009-06-29 16:00:00,CBG,Sell,100
92,2009-07-07 16:00:00,CBG,Buy,100
93,2009-07-14 16:00:00,CBG,Sell,100
94,2008-10-24 16:00:00,CBS,Buy,100
95,2008-10-31 16:00:00,CBS,Sell,100
96,2008-11-11 16:00:00,CBS,Buy,100
97,2008-11-18 16:00:00,CBS,Sell,100
98,2008-12-15 16:00:00,CBS,Buy,100
99,2008-12-22 16:00:00,CBS,Sell,100
100,2009-01-12 16:00:00,CBS,Buy,100
101,2009-01-20 16:00:00,CBS,Sell,100
102,2009-05-11 16:00:00,CBS,Buy,100
103,2009-05-18 16:00:00,CBS,Sell,100
104,2009-06-15 16:00:00,CBS,Buy,100
105,2009-06-22 16:00:00,CBS,Sell,100
106,2009-07-28 16:00:00,CBS,Buy,100
107,2009-08-04 16:00:00,CBS,Sell,100
108,2008-11-20 16:00:00,CCE,Buy,100
109,2008-11-28 16:00:00,CCE,Sell,100
110,2009-02-23 16:00:00,DELL,Buy,100
111,2009-03-02 16:00:00,DELL,Sell,100
112,2008-11-19 16:00:00,DFS,Buy,100
113,2008-11-26 16:00:00,DFS,Sell,100
114,2009-01-14 16:00:00,DFS,Buy,100
115,2009-01-22 16:00:00,DFS,Sell,100
116,2009-04-14 16:00:00,DFS,Buy,100
117,2009-04-21 16:00:00,DFS,Sell,100
118,2009-04-20 16:00:00,DFS,Buy,100
119,2009-04-27 16:00:00,DFS,Sell,100
120,2008-10-15 16:00:00,DHI,Buy,100
121,2008-10-22 16:00:00,DHI,Sell,100
122,2008-12-09 16:00:00,DHI,Buy,100
123,2008-12-16 16:00:00,DHI,Sell,100
124,2008-12-11 16:00:00,DHI,Buy,100
125,2008-12-18 16:00:00,DHI,Sell,100
126,2008-12-18 16:00:00,DHI,Buy,100
127,2008-12-26 16:00:00,DHI,Sell,100
128,2009-01-07 16:00:00,DHI,Buy,100
129,2009-01-14 16:00:00,DHI,Sell,100
130,2009-01-09 16:00:00,DHI,Buy,100
131,2009-01-16 16:00:00,DHI,Sell,100
132,2009-02-19 16:00:00,DHI,Buy,100
133,2009-02-26 16:00:00,DHI,Sell,100
134,2009-03-03 16:00:00,DHI,Buy,100
135,2009-03-10 16:00:00,DHI,Sell,100
136,2008-11-19 16:00:00,DNR,Buy,100
137,2008-11-26 16:00:00,DNR,Sell,100
138,2009-02-23 16:00:00,DOW,Buy,100
139,2009-03-02 16:00:00,DOW,Sell,100
140,2009-03-20 16:00:00,DOW,Buy,100
141,2009-03-27 16:00:00,DOW,Sell,100
142,2008-11-12 16:00:00,EXPE,Buy,100
143,2008-11-19 16:00:00,EXPE,Sell,100
144,2008-11-14 16:00:00,EXPE,Buy,100
145,2008-11-21 16:00:00,EXPE,Sell,100
146,2008-12-01 16:00:00,EXPE,Buy,100
147,2008-12-08 16:00:00,EXPE,Sell,100
148,2008-12-11 16:00:00,EXPE,Buy,100
149,2008-12-18 16:00:00,EXPE,Sell,100
150,2008-12-22 16:00:00,EXPE,Buy,100
151,2008-12-30 16:00:00,EXPE,Sell,100
152,2009-02-19 16:00:00,EXPE,Buy,100
153,2009-02-26 16:00:00,EXPE,Sell,100
154,2009-02-27 16:00:00,EXPE,Buy,100
155,2009-03-06 16:00:00,EXPE,Sell,100
156,2009-03-19 16:00:00,EXPE,Buy,100
157,2009-03-26 16:00:00,EXPE,Sell,100
158,2008-04-25 16:00:00,F,Buy,100
159,2008-05-02 16:00:00,F,Sell,100
160,2008-05-07 16:00:00,F,Buy,100
161,2008-05-14 16:00:00,F,Sell,100
162,2008-05-21 16:00:00,F,Buy,100
163,2008-05-29 16:00:00,F,Sell,100
164,2009-08-10 16:00:00,F,Buy,100
165,2009-08-17 16:00:00,F,Sell,100
166,2008-06-18 16:00:00,FHN,Buy,100
167,2008-06-25 16:00:00,FHN,Sell,100
168,2008-07-21 16:00:00,FHN,Buy,100
169,2008-07-28 16:00:00,FHN,Sell,100
170,2008-09-29 16:00:00,FHN,Buy,100
171,2008-10-06 16:00:00,FHN,Sell,100
172,2008-10-09 16:00:00,FHN,Buy,100
173,2008-10-16 16:00:00,FHN,Sell,100
174,2008-11-20 16:00:00,FHN,Buy,100
175,2008-11-28 16:00:00,FHN,Sell,100
176,2009-01-15 16:00:00,FHN,Buy,100
177,2009-01-23 16:00:00,FHN,Sell,100
178,2009-03-06 16:00:00,FHN,Buy,100
179,2009-03-13 16:00:00,FHN,Sell,100
180,2008-11-20 16:00:00,FITB,Buy,100
181,2008-11-28 16:00:00,FITB,Sell,100
182,2008-12-03 16:00:00,FITB,Buy,100
183,2008-12-10 16:00:00,FITB,Sell,100
184,2008-12-09 16:00:00,FITB,Buy,100
185,2008-12-16 16:00:00,FITB,Sell,100
186,2009-01-07 16:00:00,FITB,Buy,100
187,2009-01-14 16:00:00,FITB,Sell,100
188,2009-01-09 16:00:00,FITB,Buy,100
189,2009-01-16 16:00:00,FITB,Sell,100
190,2009-05-13 16:00:00,FITB,Buy,100
191,2009-05-20 16:00:00,FITB,Sell,100
192,2009-06-15 16:00:00,FITB,Buy,100
193,2009-06-22 16:00:00,FITB,Sell,100
194,2008-10-24 16:00:00,FTR,Buy,100
195,2008-10-31 16:00:00,FTR,Sell,100
196,2008-11-19 16:00:00,FTR,Buy,100
197,2008-11-26 16:00:00,FTR,Sell,100
198,2008-12-01 16:00:00,FTR,Buy,100
199,2008-12-08 16:00:00,FTR,Sell,100
200,2009-01-14 16:00:00,FTR,Buy,100
201,2009-01-22 16:00:00,FTR,Sell,100
202,2009-02-17 16:00:00,FTR,Buy,100
203,2009-02-24 16:00:00,FTR,Sell,100
204,2009-12-09 16:00:00,FTR,Buy,100
205,2009-12-16 16:00:00,FTR,Sell,100
206,2008-11-17 16:00:00,GCI,Buy,100
207,2008-11-24 16:00:00,GCI,Sell,100
208,2008-12-11 16:00:00,GCI,Buy,100
209,2008-12-18 16:00:00,GCI,Sell,100
210,2008-12-18 16:00:00,GCI,Buy,100
211,2008-12-26 16:00:00,GCI,Sell,100
212,2009-01-14 16:00:00,GCI,Buy,100
213,2009-01-22 16:00:00,GCI,Sell,100
214,2009-08-11 16:00:00,GCI,Buy,100
215,2009-08-18 16:00:00,GCI,Sell,100
216,2009-08-17 16:00:00,GCI,Buy,100
217,2009-08-24 16:00:00,GCI,Sell,100
218,2009-09-02 16:00:00,GCI,Buy,100
219,2009-09-10 16:00:00,GCI,Sell,100
220,2009-09-08 16:00:00,GCI,Buy,100
221,2009-09-15 16:00:00,GCI,Sell,100
222,2009-03-02 16:00:00,GE,Buy,100
223,2009-03-09 16:00:00,GE,Sell,100
224,2008-11-20 16:00:00,GLW,Buy,100
225,2008-11-28 16:00:00,GLW,Sell,100
226,2008-09-29 16:00:00,GNW,Buy,100
227,2008-10-06 16:00:00,GNW,Sell,100
228,2008-10-01 16:00:00,GNW,Buy,100
229,2008-10-08 16:00:00,GNW,Sell,100
230,2009-08-17 16:00:00,GNW,Buy,100
231,2009-08-24 16:00:00,GNW,Sell,100
232,2008-10-27 16:00:00,GT,Buy,100
233,2008-11-03 16:00:00,GT,Sell,100
234,2008-11-06 16:00:00,GT,Buy,100
235,2008-11-13 16:00:00,GT,Sell,100
236,2008-06-09 16:00:00,HBAN,Buy,100
237,2008-06-16 16:00:00,HBAN,Sell,100
238,2008-08-12 16:00:00,HBAN,Buy,100
239,2008-08-19 16:00:00,HBAN,Sell,100
240,2008-09-04 16:00:00,HBAN,Buy,100
241,2008-09-11 16:00:00,HBAN,Sell,100
242,2008-09-29 16:00:00,HBAN,Buy,100
243,2008-10-06 16:00:00,HBAN,Sell,100
244,2008-10-09 16:00:00,HBAN,Buy,100
245,2008-10-16 16:00:00,HBAN,Sell,100
246,2008-11-12 16:00:00,HBAN,Buy,100
247,2008-11-19 16:00:00,HBAN,Sell,100
248,2008-11-14 16:00:00,HBAN,Buy,100
249,2008-11-21 16:00:00,HBAN,Sell,100
250,2008-12-01 16:00:00,HBAN,Buy,100
251,2008-12-08 16:00:00,HBAN,Sell,100
252,2008-12-09 16:00:00,HBAN,Buy,100
253,2008-12-16 16:00:00,HBAN,Sell,100
254,2008-11-19 16:00:00,HIG,Buy,100
255,2008-11-26 16:00:00,HIG,Sell,100
256,2008-12-01 16:00:00,HIG,Buy,100
257,2008-12-08 16:00:00,HIG,Sell,100
258,2009-02-19 16:00:00,HIG,Buy,100
259,2009-02-26 16:00:00,HIG,Sell,100
260,2009-02-25 16:00:00,HIG,Buy,100
261,2009-03-04 16:00:00,HIG,Sell,100
262,2009-03-20 16:00:00,HIG,Buy,100
263,2009-03-27 16:00:00,HIG,Sell,100
264,2009-03-30 16:00:00,HIG,Buy,100
265,2009-04-06 16:00:00,HIG,Sell,100
266,2008-10-09 16:00:00,HST,Buy,100
267,2008-10-16 16:00:00,HST,Sell,100
268,2008-10-24 16:00:00,HST,Buy,100
269,2008-10-31 16:00:00,HST,Sell,100
270,2008-11-10 16:00:00,HST,Buy,100
271,2008-11-17 16:00:00,HST,Sell,100
272,2008-11-12 16:00:00,HST,Buy,100
273,2008-11-19 16:00:00,HST,Sell,100
274,2008-11-14 16:00:00,HST,Buy,100
275,2008-11-21 16:00:00,HST,Sell,100
276,2008-12-09 16:00:00,HST,Buy,100
277,2008-12-16 16:00:00,HST,Sell,100
278,2008-12-18 16:00:00,HST,Buy,100
279,2008-12-26 16:00:00,HST,Sell,100
280,2009-01-07 16:00:00,HST,Buy,100
281,2009-01-14 16:00:00,HST,Sell,100
282,2009-05-13 16:00:00,HST,Buy,100
283,2009-05-20 16:00:00,HST,Sell,100
284,2009-05-15 16:00:00,HST,Buy,100
285,2009-05-22 16:00:00,HST,Sell,100
286,2009-06-18 16:00:00,HST,Buy,100
287,2009-06-25 16:00:00,HST,Sell,100
288,2009-07-02 16:00:00,HST,Buy,100
289,2009-07-10 16:00:00,HST,Sell,100
290,2009-07-07 16:00:00,HST,Buy,100
291,2009-07-14 16:00:00,HST,Sell,100
292,2008-11-20 16:00:00,IGT,Buy,100
293,2008-11-28 16:00:00,IGT,Sell,100
294,2009-03-05 16:00:00,IGT,Buy,100
295,2009-03-12 16:00:00,IGT,Sell,100
296,2009-02-04 16:00:00,IP,Buy,100
297,2009-02-11 16:00:00,IP,Sell,100
298,2009-02-10 16:00:00,IP,Buy,100
299,2009-02-18 16:00:00,IP,Sell,100
300,2009-03-30 16:00:00,IP,Buy,100
301,2009-04-06 16:00:00,IP,Sell,100
302,2009-04-03 16:00:00,IP,Buy,100
303,2009-04-13 16:00:00,IP,Sell,100
304,2009-04-20 16:00:00,IP,Buy,100
305,2009-04-27 16:00:00,IP,Sell,100
306,2008-04-15 16:00:00,IPG,Buy,100
307,2008-04-22 16:00:00,IPG,Sell,100
308,2008-07-09 16:00:00,IPG,Buy,100
309,2008-07-16 16:00:00,IPG,Sell,100
310,2008-07-24 16:00:00,IPG,Buy,100
311,2008-07-31 16:00:00,IPG,Sell,100
312,2008-09-17 16:00:00,IPG,Buy,100
313,2008-09-24 16:00:00,IPG,Sell,100
314,2008-09-23 16:00:00,IPG,Buy,100
315,2008-09-30 16:00:00,IPG,Sell,100
316,2008-09-29 16:00:00,IPG,Buy,100
317,2008-10-06 16:00:00,IPG,Sell,100
318,2008-10-07 16:00:00,JBL,Buy,100
319,2008-10-14 16:00:00,JBL,Sell,100
320,2008-10-23 16:00:00,JBL,Buy,100
321,2008-10-30 16:00:00,JBL,Sell,100
322,2008-11-10 16:00:00,JBL,Buy,100
323,2008-11-17 16:00:00,JBL,Sell,100
324,2009-05-12 16:00:00,JBL,Buy,100
325,2009-05-19 16:00:00,JBL,Sell,100
326,2009-05-21 16:00:00,JBL,Buy,100
327,2009-05-29 16:00:00,JBL,Sell,100
328,2009-06-09 16:00:00,JBL,Buy,100
329,2009-06-16 16:00:00,JBL,Sell,100
330,2008-09-29 16:00:00,JDSU,Buy,100
331,2008-10-06 16:00:00,JDSU,Sell,100
332,2008-10-02 16:00:00,JDSU,Buy,100
333,2008-10-09 16:00:00,JDSU,Sell,100
334,2009-12-11 16:00:00,JDSU,Buy,100
335,2009-12-18 16:00:00,JDSU,Sell,100
336,2009-12-15 16:00:00,JDSU,Buy,100
337,2009-12-22 16:00:00,JDSU,Sell,100
338,2008-11-21 16:00:00,JWN,Buy,100
339,2008-12-01 16:00:00,JWN,Sell,100
340,2008-10-09 16:00:00,KEY,Buy,100
341,2008-10-16 16:00:00,KEY,Sell,100
342,2008-11-19 16:00:00,KEY,Buy,100
343,2008-11-26 16:00:00,KEY,Sell,100
344,2008-12-01 16:00:00,KEY,Buy,100
345,2008-12-08 16:00:00,KEY,Sell,100
346,2008-12-11 16:00:00,KEY,Buy,100
347,2008-12-18 16:00:00,KEY,Sell,100
348,2008-12-15 16:00:00,KEY,Buy,100
349,2008-12-22 16:00:00,KEY,Sell,100
350,2008-12-22 16:00:00,KEY,Buy,100
351,2008-12-30 16:00:00,KEY,Sell,100
352,2009-01-07 16:00:00,KEY,Buy,100
353,2009-01-14 16:00:00,KEY,Sell,100
354,2009-01-09 16:00:00,KEY,Buy,100
355,2009-01-16 16:00:00,KEY,Sell,100
356,2009-01-29 16:00:00,KEY,Buy,100
357,2009-02-05 16:00:00,KEY,Sell,100
358,2009-02-10 16:00:00,KEY,Buy,100
359,2009-02-18 16:00:00,KEY,Sell,100
360,2009-02-27 16:00:00,KEY,Buy,100
361,2009-03-06 16:00:00,KEY,Sell,100
362,2009-03-20 16:00:00,KEY,Buy,100
363,2009-03-27 16:00:00,KEY,Sell,100
364,2009-03-30 16:00:00,KEY,Buy,100
365,2009-04-06 16:00:00,KEY,Sell,100
366,2009-04-06 16:00:00,KEY,Buy,100
367,2009-04-14 16:00:00,KEY,Sell,100
368,2009-04-20 16:00:00,KEY,Buy,100
369,2009-04-27 16:00:00,KEY,Sell,100
370,2009-03-05 16:00:00,KIM,Buy,100
371,2009-03-12 16:00:00,KIM,Sell,100
372,2009-03-16 16:00:00,KIM,Buy,100
373,2009-03-23 16:00:00,KIM,Sell,100
374,2009-03-20 16:00:00,KIM,Buy,100
375,2009-03-27 16:00:00,KIM,Sell,100
376,2009-03-24 16:00:00,KIM,Buy,100
377,2009-03-31 16:00:00,KIM,Sell,100
378,2009-03-27 16:00:00,KIM,Buy,100
379,2009-04-03 16:00:00,KIM,Sell,100
380,2008-11-19 16:00:00,KMX,Buy,100
381,2008-11-26 16:00:00,KMX,Sell,100
382,2008-12-15 16:00:00,KMX,Buy,100
383,2008-12-22 16:00:00,KMX,Sell,100
384,2008-12-19 16:00:00,KMX,Buy,100
385,2008-12-29 16:00:00,KMX,Sell,100
386,2009-01-12 16:00:00,KMX,Buy,100
387,2009-01-20 16:00:00,KMX,Sell,100
388,2009-01-20 16:00:00,KMX,Buy,100
389,2009-01-27 16:00:00,KMX,Sell,100
390,2008-10-23 16:00:00,LEN,Buy,100
391,2008-10-30 16:00:00,LEN,Sell,100
392,2008-11-07 16:00:00,LEN,Buy,100
393,2008-11-14 16:00:00,LEN,Sell,100
394,2009-01-14 16:00:00,LEN,Buy,100
395,2009-01-22 16:00:00,LEN,Sell,100
396,2009-01-30 16:00:00,LEN,Buy,100
397,2009-02-06 16:00:00,LEN,Sell,100
398,2009-02-04 16:00:00,LEN,Buy,100
399,2009-02-11 16:00:00,LEN,Sell,100
400,2009-02-10 16:00:00,LEN,Buy,100
401,2009-02-18 16:00:00,LEN,Sell,100
402,2009-03-16 16:00:00,LEN,Buy,100
403,2009-03-23 16:00:00,LEN,Sell,100
404,2009-03-31 16:00:00,LEN,Buy,100
405,2009-04-07 16:00:00,LEN,Sell,100
406,2009-04-14 16:00:00,LEN,Buy,100
407,2009-04-21 16:00:00,LEN,Sell,100
408,2009-04-20 16:00:00,LEN,Buy,100
409,2009-04-27 16:00:00,LEN,Sell,100
410,2009-04-22 16:00:00,LEN,Buy,100
411,2009-04-29 16:00:00,LEN,Sell,100
412,2009-06-12 16:00:00,LEN,Buy,100
413,2009-06-19 16:00:00,LEN,Sell,100
414,2008-11-19 16:00:00,LNC,Buy,100
415,2008-11-26 16:00:00,LNC,Sell,100
416,2009-03-02 16:00:00,LNC,Buy,100
417,2009-03-09 16:00:00,LNC,Sell,100
418,2009-03-20 16:00:00,LNC,Buy,100
419,2009-03-27 16:00:00,LNC,Sell,100
420,2009-03-30 16:00:00,LNC,Buy,100
421,2009-04-06 16:00:00,LNC,Sell,100
422,2008-11-19 16:00:00,LTD,Buy,100
423,2008-11-26 16:00:00,LTD,Sell,100
424,2008-12-01 16:00:00,LTD,Buy,100
425,2008-12-08 16:00:00,LTD,Sell,100
426,2009-01-30 16:00:00,LTD,Buy,100
427,2009-02-06 16:00:00,LTD,Sell,100
428,2009-02-17 16:00:00,LTD,Buy,100
429,2009-02-24 16:00:00,LTD,Sell,100
430,2009-02-26 16:00:00,LTD,Buy,100
431,2009-03-05 16:00:00,LTD,Sell,100
432,2009-03-16 16:00:00,LTD,Buy,100
433,2009-03-23 16:00:00,LTD,Sell,100
434,2008-11-20 16:00:00,LUV,Buy,100
435,2008-11-28 16:00:00,LUV,Sell,100
436,2008-12-01 16:00:00,LUV,Buy,100
437,2008-12-08 16:00:00,LUV,Sell,100
438,2008-12-10 16:00:00,LUV,Buy,100
439,2008-12-17 16:00:00,LUV,Sell,100
440,2008-12-22 16:00:00,LUV,Buy,100
441,2008-12-30 16:00:00,LUV,Sell,100
442,2009-01-14 16:00:00,LUV,Buy,100
443,2009-01-22 16:00:00,LUV,Sell,100
444,2009-01-26 16:00:00,LUV,Buy,100
445,2009-02-02 16:00:00,LUV,Sell,100
446,2008-11-14 16:00:00,M,Buy,100
447,2008-11-21 16:00:00,M,Sell,100
448,2009-02-18 16:00:00,M,Buy,100
449,2009-02-25 16:00:00,M,Sell,100
450,2009-02-26 16:00:00,M,Buy,100
451,2009-03-05 16:00:00,M,Sell,100
452,2009-03-16 16:00:00,M,Buy,100
453,2009-03-23 16:00:00,M,Sell,100
454,2008-11-12 16:00:00,MAS,Buy,100
455,2008-11-19 16:00:00,MAS,Sell,100
456,2008-11-14 16:00:00,MAS,Buy,100
457,2008-11-21 16:00:00,MAS,Sell,100
458,2008-11-19 16:00:00,MAS,Buy,100
459,2008-11-26 16:00:00,MAS,Sell,100
460,2009-01-30 16:00:00,MAS,Buy,100
461,2009-02-06 16:00:00,MAS,Sell,100
462,2009-02-05 16:00:00,MAS,Buy,100
463,2009-02-12 16:00:00,MAS,Sell,100
464,2009-02-10 16:00:00,MAS,Buy,100
465,2009-02-18 16:00:00,MAS,Sell,100
466,2009-04-13 16:00:00,MAS,Buy,100
467,2009-04-20 16:00:00,MAS,Sell,100
468,2009-04-20 16:00:00,MAS,Buy,100
469,2009-04-27 16:00:00,MAS,Sell,100
470,2008-01-17 16:00:00,MSI,Buy,100
471,2008-01-25 16:00:00,MSI,Sell,100
472,2008-06-10 16:00:00,MU,Buy,100
473,2008-06-17 16:00:00,MU,Sell,100
474,2009-09-11 16:00:00,MU,Buy,100
475,2009-09-18 16:00:00,MU,Sell,100
476,2009-10-01 16:00:00,MU,Buy,100
477,2009-10-08 16:00:00,MU,Sell,100
478,2009-10-16 16:00:00,MU,Buy,100
479,2009-10-23 16:00:00,MU,Sell,100
480,2009-10-21 16:00:00,MU,Buy,100
481,2009-10-28 16:00:00,MU,Sell,100
482,2009-03-03 16:00:00,MWV,Buy,100
483,2009-03-10 16:00:00,MWV,Sell,100
484,2009-03-05 16:00:00,MWV,Buy,100
485,2009-03-12 16:00:00,MWV,Sell,100
486,2008-10-08 16:00:00,MYL,Buy,100
487,2008-10-15 16:00:00,MYL,Sell,100
488,2008-10-15 16:00:00,MYL,Buy,100
489,2008-10-22 16:00:00,MYL,Sell,100
490,2008-10-20 16:00:00,MYL,Buy,100
491,2008-10-27 16:00:00,MYL,Sell,100
492,2008-11-19 16:00:00,MYL,Buy,100
493,2008-11-26 16:00:00,MYL,Sell,100
494,2009-03-03 16:00:00,NI,Buy,100
495,2009-03-10 16:00:00,NI,Sell,100
496,2009-03-05 16:00:00,NI,Buy,100
497,2009-03-12 16:00:00,NI,Sell,100
498,2008-10-06 16:00:00,NVDA,Buy,100
499,2008-10-13 16:00:00,NVDA,Sell,100
500,2008-10-14 16:00:00,NVDA,Buy,100
501,2008-10-21 16:00:00,NVDA,Sell,100
502,2008-11-06 16:00:00,NVDA,Buy,100
503,2008-11-13 16:00:00,NVDA,Sell,100
504,2008-11-11 16:00:00,NVDA,Buy,100
505,2008-11-18 16:00:00,NVDA,Sell,100
506,2008-12-23 16:00:00,NVDA,Buy,100
507,2008-12-31 16:00:00,NVDA,Sell,100
508,2009-01-09 16:00:00,NVDA,Buy,100
509,2009-01-16 16:00:00,NVDA,Sell,100
510,2009-01-30 16:00:00,NVDA,Buy,100
511,2009-02-06 16:00:00,NVDA,Sell,100
512,2009-02-17 16:00:00,NVDA,Buy,100
513,2009-02-24 16:00:00,NVDA,Sell,100
514,2009-02-19 16:00:00,NVDA,Buy,100
515,2009-02-26 16:00:00,NVDA,Sell,100
516,2009-03-02 16:00:00,NVDA,Buy,100
517,2009-03-09 16:00:00,NVDA,Sell,100
518,2009-02-04 16:00:00,NWL,Buy,100
519,2009-02-11 16:00:00,NWL,Sell,100
520,2009-02-10 16:00:00,NWL,Buy,100
521,2009-02-18 16:00:00,NWL,Sell,100
522,2008-10-27 16:00:00,NWSA,Buy,100
523,2008-11-03 16:00:00,NWSA,Sell,100
524,2008-11-11 16:00:00,NWSA,Buy,100
525,2008-11-18 16:00:00,NWSA,Sell,100
526,2008-12-12 16:00:00,NWSA,Buy,100
527,2008-12-19 16:00:00,NWSA,Sell,100
528,2009-01-20 16:00:00,NWSA,Buy,100
529,2009-01-27 16:00:00,NWSA,Sell,100
530,2009-04-20 16:00:00,NWSA,Buy,100
531,2009-04-27 16:00:00,NWSA,Sell,100
532,2009-08-19 16:00:00,PCS,Buy,100
533,2009-08-26 16:00:00,PCS,Sell,100
534,2009-08-31 16:00:00,PCS,Buy,100
535,2009-09-08 16:00:00,PCS,Sell,100
536,2009-10-13 16:00:00,PCS,Buy,100
537,2009-10-20 16:00:00,PCS,Sell,100
538,2009-02-27 16:00:00,PFG,Buy,100
539,2009-03-06 16:00:00,PFG,Sell,100
540,2009-03-13 16:00:00,PFG,Buy,100
541,2009-03-20 16:00:00,PFG,Sell,100
542,2009-03-19 16:00:00,PFG,Buy,100
543,2009-03-26 16:00:00,PFG,Sell,100
544,2009-03-30 16:00:00,PFG,Buy,100
545,2009-04-06 16:00:00,PFG,Sell,100
546,2008-11-20 16:00:00,PHM,Buy,100
547,2008-11-28 16:00:00,PHM,Sell,100
548,2009-03-06 16:00:00,PHM,Buy,100
549,2009-03-13 16:00:00,PHM,Sell,100
550,2009-07-08 16:00:00,PHM,Buy,100
551,2009-07-15 16:00:00,PHM,Sell,100
552,2008-07-14 16:00:00,RF,Buy,100
553,2008-07-21 16:00:00,RF,Sell,100
554,2008-10-09 16:00:00,RF,Buy,100
555,2008-10-16 16:00:00,RF,Sell,100
556,2008-11-20 16:00:00,RF,Buy,100
557,2008-11-28 16:00:00,RF,Sell,100
558,2008-12-29 16:00:00,RF,Buy,100
559,2009-01-06 16:00:00,RF,Sell,100
560,2009-01-07 16:00:00,RF,Buy,100
561,2009-01-14 16:00:00,RF,Sell,100
562,2008-11-20 16:00:00,RHT,Buy,100
563,2008-11-28 16:00:00,RHT,Sell,100
564,2009-02-27 16:00:00,RRD,Buy,100
565,2009-03-06 16:00:00,RRD,Sell,100
566,2009-03-24 16:00:00,RRD,Buy,100
567,2009-03-31 16:00:00,RRD,Sell,100
568,2009-03-27 16:00:00,RRD,Buy,100
569,2009-04-03 16:00:00,RRD,Sell,100
570,2008-02-29 16:00:00,S,Buy,100
571,2008-03-07 16:00:00,S,Sell,100
572,2008-04-30 16:00:00,S,Buy,100
573,2008-05-07 16:00:00,S,Sell,100
574,2008-05-02 16:00:00,S,Buy,100
575,2008-05-09 16:00:00,S,Sell,100
576,2008-06-20 16:00:00,S,Buy,100
577,2008-06-27 16:00:00,S,Sell,100
578,2008-08-06 16:00:00,S,Buy,100
579,2008-08-13 16:00:00,S,Sell,100
580,2008-09-05 16:00:00,S,Buy,100
581,2008-09-12 16:00:00,S,Sell,100
582,2008-11-19 16:00:00,SBUX,Buy,100
583,2008-11-26 16:00:00,SBUX,Sell,100
584,2008-12-01 16:00:00,SBUX,Buy,100
585,2008-12-08 16:00:00,SBUX,Sell,100
586,2008-10-08 16:00:00,SLM,Buy,100
587,2008-10-15 16:00:00,SLM,Sell,100
588,2008-11-12 16:00:00,SLM,Buy,100
589,2008-11-19 16:00:00,SLM,Sell,100
590,2008-11-14 16:00:00,SLM,Buy,100
591,2008-11-21 16:00:00,SLM,Sell,100
592,2008-12-01 16:00:00,SLM,Buy,100
593,2008-12-08 16:00:00,SLM,Sell,100
594,2008-12-15 16:00:00,SLM,Buy,100
595,2008-12-22 16:00:00,SLM,Sell,100
596,2009-02-17 16:00:00,SLM,Buy,100
597,2009-02-24 16:00:00,SLM,Sell,100
598,2009-02-26 16:00:00,SLM,Buy,100
599,2009-03-05 16:00:00,SLM,Sell,100
600,2009-06-17 16:00:00,SLM,Buy,100
601,2009-06-24 16:00:00,SLM,Sell,100
602,2009-06-22 16:00:00,SLM,Buy,100
603,2009-06-29 16:00:00,SLM,Sell,100
604,2008-10-24 16:00:00,SNDK,Buy,100
605,2008-10-31 16:00:00,SNDK,Sell,100
606,2008-11-12 16:00:00,SNDK,Buy,100
607,2008-11-19 16:00:00,SNDK,Sell,100
608,2008-12-01 16:00:00,SNDK,Buy,100
609,2008-12-08 16:00:00,SNDK,Sell,100
610,2009-03-06 16:00:00,SNDK,Buy,100
611,2009-03-13 16:00:00,SNDK,Sell,100
612,2009-02-17 16:00:00,STI,Buy,100
613,2009-02-24 16:00:00,STI,Sell,100
614,2008-10-23 16:00:00,STX,Buy,100
615,2008-10-30 16:00:00,STX,Sell,100
616,2009-05-07 16:00:00,STX,Buy,100
617,2009-05-14 16:00:00,STX,Sell,100
618,2009-05-20 16:00:00,STX,Buy,100
619,2009-05-28 16:00:00,STX,Sell,100
620,2009-03-05 16:00:00,TEL,Buy,100
621,2009-03-12 16:00:00,TEL,Sell,100
622,2008-09-29 16:00:00,TER,Buy,100
623,2008-10-06 16:00:00,TER,Sell,100
624,2009-07-29 16:00:00,TER,Buy,100
625,2009-08-05 16:00:00,TER,Sell,100
626,2009-08-11 16:00:00,TER,Buy,100
627,2009-08-18 16:00:00,TER,Sell,100
628,2009-08-14 16:00:00,TER,Buy,100
629,2009-08-21 16:00:00,TER,Sell,100
630,2009-09-01 16:00:00,TER,Buy,100
631,2009-09-09 16:00:00,TER,Sell,100
632,2008-10-07 16:00:00,TIE,Buy,100
633,2008-10-14 16:00:00,TIE,Sell,100
634,2008-10-09 16:00:00,TIE,Buy,100
635,2008-10-16 16:00:00,TIE,Sell,100
636,2008-10-15 16:00:00,TIE,Buy,100
637,2008-10-22 16:00:00,TIE,Sell,100
638,2008-10-22 16:00:00,TIE,Buy,100
639,2008-10-29 16:00:00,TIE,Sell,100
640,2008-11-12 16:00:00,TIE,Buy,100
641,2008-11-19 16:00:00,TIE,Sell,100
642,2008-11-14 16:00:00,TIE,Buy,100
643,2008-11-21 16:00:00,TIE,Sell,100
644,2008-12-01 16:00:00,TIE,Buy,100
645,2008-12-08 16:00:00,TIE,Sell,100
646,2009-01-12 16:00:00,TIE,Buy,100
647,2009-01-20 16:00:00,TIE,Sell,100
648,2009-02-10 16:00:00,TIE,Buy,100
649,2009-02-18 16:00:00,TIE,Sell,100
650,2009-02-17 16:00:00,TIE,Buy,100
651,2009-02-24 16:00:00,TIE,Sell,100
652,2009-05-13 16:00:00,TIE,Buy,100
653,2009-05-20 16:00:00,TIE,Sell,100
654,2009-07-06 16:00:00,TIE,Buy,100
655,2009-07-13 16:00:00,TIE,Sell,100
656,2009-07-22 16:00:00,TIE,Buy,100
657,2009-07-29 16:00:00,TIE,Sell,100
658,2009-08-11 16:00:00,TIE,Buy,100
659,2009-08-18 16:00:00,TIE,Sell,100
660,2009-08-17 16:00:00,TIE,Buy,100
661,2009-08-24 16:00:00,TIE,Sell,100
662,2009-08-25 16:00:00,TIE,Buy,100
663,2009-09-01 16:00:00,TIE,Sell,100
664,2009-09-01 16:00:00,TIE,Buy,100
665,2009-09-09 16:00:00,TIE,Sell,100
666,2008-10-27 16:00:00,TSN,Buy,100
667,2008-11-03 16:00:00,TSN,Sell,100
668,2008-10-29 16:00:00,TSN,Buy,100
669,2008-11-05 16:00:00,TSN,Sell,100
670,2008-11-06 16:00:00,TSN,Buy,100
671,2008-11-13 16:00:00,TSN,Sell,100
672,2008-12-23 16:00:00,TSN,Buy,100
673,2008-12-31 16:00:00,TSN,Sell,100
674,2008-12-29 16:00:00,TSN,Buy,100
675,2009-01-06 16:00:00,TSN,Sell,100
676,2009-02-20 16:00:00,TSN,Buy,100
677,2009-02-27 16:00:00,TSN,Sell,100
678,2009-02-25 16:00:00,TSN,Buy,100
679,2009-03-04 16:00:00,TSN,Sell,100
680,2009-03-03 16:00:00,TSN,Buy,100
681,2009-03-10 16:00:00,TSN,Sell,100
682,2009-03-05 16:00:00,TSN,Buy,100
683,2009-03-12 16:00:00,TSN,Sell,100
684,2008-11-20 16:00:00,TSO,Buy,100
685,2008-11-28 16:00:00,TSO,Sell,100
686,2008-12-01 16:00:00,TSO,Buy,100
687,2008-12-08 16:00:00,TSO,Sell,100
688,2008-12-04 16:00:00,TSO,Buy,100
689,2008-12-11 16:00:00,TSO,Sell,100
690,2009-03-09 16:00:00,TWC,Buy,100
691,2009-03-16 16:00:00,TWC,Sell,100
692,2008-11-20 16:00:00,TWX,Buy,100
693,2008-11-28 16:00:00,TWX,Sell,100
694,2008-11-24 16:00:00,TWX,Buy,100
695,2008-12-02 16:00:00,TWX,Sell,100
696,2009-02-17 16:00:00,TWX,Buy,100
697,2009-02-24 16:00:00,TWX,Sell,100
698,2009-03-11 16:00:00,TWX,Buy,100
699,2009-03-18 16:00:00,TWX,Sell,100
700,2009-03-19 16:00:00,TWX,Buy,100
701,2009-03-26 16:00:00,TWX,Sell,100
702,2009-02-03 16:00:00,TXT,Buy,100
703,2009-02-10 16:00:00,TXT,Sell,100
704,2009-03-05 16:00:00,UNM,Buy,100
705,2009-03-12 16:00:00,UNM,Sell,100
706,2008-10-24 16:00:00,WIN,Buy,100
707,2008-10-31 16:00:00,WIN,Sell,100
708,2008-11-06 16:00:00,WIN,Buy,100
709,2008-11-13 16:00:00,WIN,Sell,100
710,2008-11-19 16:00:00,WIN,Buy,100
711,2008-11-26 16:00:00,WIN,Sell,100
712,2009-02-17 16:00:00,WIN,Buy,100
713,2009-02-24 16:00:00,WIN,Sell,100
714,2009-03-19 16:00:00,WIN,Buy,100
715,2009-03-26 16:00:00,WIN,Sell,100
716,2009-07-08 16:00:00,WIN,Buy,100
717,2009-07-15 16:00:00,WIN,Sell,100
718,2008-10-21 16:00:00,WYN,Buy,100
719,2008-10-28 16:00:00,WYN,Sell,100
720,2008-11-06 16:00:00,WYN,Buy,100
721,2008-11-13 16:00:00,WYN,Sell,100
722,2009-01-07 16:00:00,WYN,Buy,100
723,2009-01-14 16:00:00,WYN,Sell,100
724,2009-04-20 16:00:00,WYN,Buy,100
725,2009-04-27 16:00:00,WYN,Sell,100
726,2008-10-09 16:00:00,XL,Buy,100
727,2008-10-16 16:00:00,XL,Sell,100
728,2008-10-24 16:00:00,XL,Buy,100
729,2008-10-31 16:00:00,XL,Sell,100
730,2008-11-06 16:00:00,XL,Buy,100
731,2008-11-13 16:00:00,XL,Sell,100
732,2008-11-11 16:00:00,XL,Buy,100
733,2008-11-18 16:00:00,XL,Sell,100
734,2009-04-14 16:00:00,XL,Buy,100
735,2009-04-21 16:00:00,XL,Sell,100
736,2009-04-20 16:00:00,XL,Buy,100
737,2009-04-27 16:00:00,XL,Sell,100
738,2008-10-10 16:00:00,XRX,Buy,100
739,2008-10-17 16:00:00,XRX,Sell,100
740,2008-10-22 16:00:00,XRX,Buy,100
741,2008-10-29 16:00:00,XRX,Sell,100
742,2008-11-03 16:00:00,XRX,Buy,100
743,2008-11-10 16:00:00,XRX,Sell,100
744,2008-11-05 16:00:00,XRX,Buy,100
745,2008-11-12 16:00:00,XRX,Sell,100
746,2008-12-17 16:00:00,XRX,Buy,100
747,2008-12-24 16:00:00,XRX,Sell,100
748,2009-01-14 16:00:00,XRX,Buy,100
749,2009-01-22 16:00:00,XRX,Sell,100
750,2009-09-28 16:00:00,XRX,Buy,100
751,2009-10-05 16:00:00,XRX,Sell,100
752,2009-10-23 16:00:00,XRX,Buy,100
753,2009-10-30 16:00:00,XRX,Sell,100
754,2009-11-10 16:00:00,XRX,Buy,100
755,2009-11-17 16:00:00,XRX,Sell,100
756,2009-11-17 16:00:00,XRX,Buy,100
757,2009-11-24 16:00:00,XRX,Sell,100
758,2009-03-04 16:00:00,ZION,Buy,100
759,2009-03-11 16:00:00,ZION,Sell,100
